{
  "shuffle_vs_random": {
    "z": {
      "p1": 0.085,
      "p2": 0.11125,
      "diff": -0.026249999999999996,
      "z": -1.4133004998491427,
      "p_value": 0.15756738709689844,
      "n1": 400,
      "n2": 800
    },
    "boot": {
      "diff": -0.026249999999999996,
      "lo": -0.06124999999999999,
      "hi": 0.009999999999999995,
      "p_two_sided": 0.1362
    }
  },
  "paraphrase_vs_random": {
    "z": {
      "p1": 0.0425,
      "p2": 0.11125,
      "diff": -0.06875,
      "z": -3.956186175849604,
      "p_value": 7.615581846155289e-05,
      "n1": 400,
      "n2": 800
    },
    "boot": {
      "diff": -0.06875,
      "lo": -0.0975,
      "hi": -0.03875,
      "p_two_sided": 0.0
    }
  },
  "invert400_vs_random": {
    "z": {
      "p1": 0.4225,
      "p2": 0.11125,
      "diff": 0.31124999999999997,
      "z": 12.371993065507912,
      "p_value": 3.70512018822477e-35,
      "n1": 400,
      "n2": 800
    },
    "boot": {
      "diff": 0.31124999999999997,
      "lo": 0.2575,
      "hi": 0.36375,
      "p_two_sided": 0.0
    }
  },
  "invert_vs_paraphrase": {
    "z": {
      "p1": 0.4225,
      "p2": 0.0425,
      "diff": 0.38,
      "z": 12.721781253368368,
      "p_value": 4.475402228941991e-37,
      "n1": 400,
      "n2": 400
    },
    "boot": {
      "diff": 0.38,
      "lo": 0.3275,
      "hi": 0.4325,
      "p_two_sided": 0.0
    }
  }
}