{
  "invert400": {
    "n": 400,
    "acc_when_flipped": 0.8816568047337278,
    "acc_when_not_flipped": 0.8095238095238095,
    "n_flipped": 169,
    "n_not_flipped": 231,
    "point_biserial_r": 0.09719047004704452,
    "two_proportion_z": {
      "p1": 0.8816568047337278,
      "p2": 0.8095238095238095,
      "diff": 0.07213299520991823,
      "z": 1.9438094009408917,
      "p_value": 0.05191843968855744,
      "n1": 169,
      "n2": 231
    }
  },
  "random": {
    "n": 800,
    "acc_when_flipped": 0.6179775280898876,
    "acc_when_not_flipped": 0.8663853727144867,
    "n_flipped": 89,
    "n_not_flipped": 711,
    "point_biserial_r": -0.21239241106408474,
    "two_proportion_z": {
      "p1": 0.6179775280898876,
      "p2": 0.8663853727144867,
      "diff": -0.24840784462459908,
      "z": -6.007364565438989,
      "p_value": 1.8856320147010327e-09,
      "n1": 89,
      "n2": 711
    }
  },
  "paraphrase": {
    "n": 400,
    "acc_when_flipped": 0.5294117647058824,
    "acc_when_not_flipped": 0.8537859007832899,
    "n_flipped": 17,
    "n_not_flipped": 383,
    "point_biserial_r": -0.17848858248927624,
    "two_proportion_z": {
      "p1": 0.5294117647058824,
      "p2": 0.8537859007832899,
      "diff": -0.3243741360774075,
      "z": -3.5697716497855203,
      "p_value": 0.0003572925418035393,
      "n1": 17,
      "n2": 383
    }
  },
  "shuffle": {
    "n": 400,
    "acc_when_flipped": 0.6764705882352942,
    "acc_when_not_flipped": 0.855191256830601,
    "n_flipped": 34,
    "n_not_flipped": 366,
    "point_biserial_r": -0.1359549911701225,
    "two_proportion_z": {
      "p1": 0.6764705882352942,
      "p2": 0.855191256830601,
      "diff": -0.1787206685953069,
      "z": -2.7190998234024573,
      "p_value": 0.00654598496708116,
      "n1": 34,
      "n2": 366
    }
  }
}