tau,frac_committed,mean_layer,median_layer,mean_depth_frac,prompt
0.5,0.8546666666666667,27.83229329173167,27.0,0.8978159126365055,no-CoT
0.7,0.8286666666666667,28.902654867256636,30.0,0.9323437053953754,no-CoT
0.8,0.8113333333333334,29.4215283483977,30.0,0.9490815596257323,no-CoT
0.9,0.768,30.19357638888889,30.0,0.9739863351254481,no-CoT
0.5,0.8386666666666667,28.606518282988873,29.0,0.9227909123544797,with-CoT
0.7,0.824,29.72653721682848,30.0,0.9589205553815638,with-CoT
0.8,0.8186666666666667,29.968241042345277,30.0,0.9667174529788799,with-CoT
0.9,0.8073333333333333,30.576383154417837,31.0,0.9863349404650915,with-CoT
