{
  "tuned_shuffled_mean_commit": {
    "point": 6.805128205128205,
    "lo": 5.8921794871794875,
    "hi": 7.774358974358974,
    "n": 195
  },
  "tuned_shuffled_frac_committed": 0.78,
  "real_lens_acc_by_layer": [
    0.508,
    0.52,
    0.536,
    0.484,
    0.512,
    0.616,
    0.572,
    0.552,
    0.564,
    0.616,
    0.612,
    0.636,
    0.772,
    0.824,
    0.82,
    0.824,
    0.828,
    0.84,
    0.848,
    0.844,
    0.844,
    0.848,
    0.848,
    0.848,
    0.844,
    0.848,
    0.844,
    0.844,
    0.84,
    0.836,
    0.84,
    0.852
  ]
}